Date,Open,High,Low,Close,Volume
2024-01-01,66.48,66.48,49.67,56.69,866.75
2024-01-02,32.77,36.76,4.57,20.70,886.50
2024-01-03,-38.64,-30.22,-41.13,-36.28,875.25
2024-01-04,-12.55,-12.55,-50.70,-37.94,872.00
2024-01-05,-25.07,-17.34,-34.54,-26.45,823.75
2024-01-06,70.58,70.58,18.44,37.45,890.25
2024-01-07,17.45,23.14,7.11,13.77,912.50
2024-01-08,-7.43,1.06,-35.85,-14.17,954.75
2024-01-09,-62.11,-12.36,-62.11,-31.74,889.25
2024-01-10,-37.85,-33.82,-69.60,-48.31,928.00
2024-01-11,2.98,2.98,-71.03,-46.19,899.75
2024-01-12,7.95,7.95,-19.99,-5.47,901.25
2024-01-13,55.07,55.07,-26.86,7.05,900.50
2024-01-14,34.90,34.90,15.71,26.08,828.00
2024-01-15,28.21,28.21,-48.21,-22.35,932.25
2024-01-16,11.59,17.83,-7.50,5.47,908.50
2024-01-17,91.88,91.88,38.12,56.27,873.25
2024-01-18,-9.61,33.12,-9.61,21.81,856.50
2024-01-19,-61.96,14.67,-61.96,-10.74,853.25
2024-01-20,-16.70,21.89,-16.70,2.57,827.50
2024-01-21,-29.02,-18.56,-29.02,-24.64,824.50
2024-01-22,-65.05,-51.04,-69.76,-61.60,978.00
2024-01-23,16.58,16.58,-28.95,-13.66,1024.25
2024-01-24,39.19,39.19,-3.85,14.60,1033.25
2024-01-25,8.21,8.21,-51.13,-26.17,989.00
2024-01-26,-14.76,-14.76,-57.28,-44.35,926.25
2024-01-27,61.86,61.86,7.79,25.60,919.50
2024-01-28,60.68,60.68,-36.15,-3.37,904.75
2024-01-29,101.96,101.96,5.87,40.65,972.25
2024-01-30,-41.85,19.26,-41.85,-10.18,903.75
2024-01-31,39.44,58.56,35.56,46.35,870.00
2024-02-01,-30.56,1.17,-30.56,-8.81,880.75
2024-02-02,-40.38,-21.48,-40.38,-28.85,853.25
2024-02-03,-12.62,13.39,-12.62,3.41,859.00
2024-02-04,50.74,57.68,19.55,39.81,844.50
2024-02-05,79.77,79.77,0.95,35.49,911.00
2024-02-06,37.75,37.75,-47.15,-15.28,865.50
2024-02-07,-0.36,-0.36,-49.16,-25.43,901.00
2024-02-08,43.55,43.55,-41.57,-6.70,881.75
2024-02-09,-20.90,-20.90,-124.12,-86.67,765.50
2024-02-10,-21.41,-21.41,-84.76,-54.16,729.25
2024-02-11,17.72,17.72,-114.40,-64.71,741.75
2024-02-12,47.64,47.64,-44.56,-4.28,798.00
2024-02-13,102.78,102.78,56.51,77.83,860.75
2024-02-14,53.87,72.46,46.70,56.05,827.75
2024-02-15,-21.30,-5.62,-21.30,-14.39,866.25
2024-02-16,16.39,16.39,-65.17,-31.25,828.25
2024-02-17,66.02,66.02,-65.17,-15.90,783.00
2024-02-18,-54.71,-24.44,-54.71,-40.43,713.00
2024-02-19,-7.27,0.17,-7.27,-4.05,763.00
2024-02-20,-34.55,12.90,-34.55,-7.56,801.50
2024-02-21,-60.33,-37.96,-60.33,-46.16,772.75
2024-02-22,-106.69,-26.78,-106.69,-59.93,828.00
2024-02-23,-42.07,-29.71,-42.07,-35.57,853.00
2024-02-24,-47.02,-16.77,-47.02,-30.86,840.25
2024-02-25,15.75,15.75,-42.20,-19.78,817.50
2024-02-26,111.70,111.70,-47.78,17.23,886.00
2024-02-27,67.79,67.79,-24.13,8.73,856.00
2024-02-28,-29.50,-1.09,-29.50,-14.75,831.50
2024-02-29,-105.79,-40.65,-105.79,-69.26,842.25
2024-03-01,-68.52,-68.52,-104.14,-90.53,867.25
2024-03-02,8.67,8.67,-40.63,-21.10,867.50
2024-03-03,22.46,22.46,-89.56,-41.15,811.75
2024-03-04,-91.52,-18.76,-91.52,-56.75,838.25
2024-03-05,-74.75,-52.22,-74.75,-63.60,820.00
2024-03-06,82.30,82.30,-49.19,8.39,868.75
2024-03-07,-9.42,-9.42,-62.21,-38.13,851.50
2024-03-08,16.35,16.35,-30.16,-16.02,867.00
2024-03-09,38.42,38.42,-36.14,-4.38,844.50
2024-03-10,78.25,78.25,9.34,40.30,856.75
2024-03-11,-48.06,11.50,-48.06,-13.11,865.00
2024-03-12,-25.92,-25.92,-52.47,-34.90,851.00
2024-03-13,61.28,61.28,-90.16,-22.93,814.25
2024-03-14,84.81,84.81,4.31,39.62,868.75
2024-03-15,63.99,63.99,6.42,32.49,831.00
2024-03-16,13.50,61.42,13.50,46.41,797.75
2024-03-17,103.17,103.17,19.45,46.82,818.25
2024-03-18,41.51,41.51,-7.81,18.04,815.75
2024-03-19,-44.77,-35.42,-44.77,-40.23,800.25
2024-03-20,-57.87,-57.87,-137.42,-108.57,769.25
2024-03-21,4.31,4.31,-68.57,-37.51,813.50
2024-03-22,-49.56,13.28,-49.56,-8.26,801.00
2024-03-23,19.49,40.52,13.07,28.16,750.00
2024-03-24,-16.14,-3.40,-33.81,-21.22,747.25
2024-03-25,-59.98,-59.98,-81.50,-69.32,742.25
2024-03-26,26.79,26.79,-62.11,-20.45,810.50
2024-03-27,32.10,32.10,-18.48,6.87,803.00
2024-03-28,-38.94,0.20,-38.94,-19.29,807.00
2024-03-29,-26.75,-23.96,-48.69,-34.18,734.25
2024-03-30,52.61,52.61,-27.96,14.85,723.75
2024-03-31,62.45,62.45,-38.99,2.49,725.00
2024-04-01,48.20,48.20,-75.32,-6.42,748.75
2024-04-02,-13.35,13.53,-13.35,-5.98,781.50
2024-04-03,24.71,31.20,14.19,21.08,777.00
2024-04-04,-63.91,-31.17,-66.01,-49.47,753.00
2024-04-05,21.05,21.05,-79.79,-32.64,727.50
2024-04-06,62.19,62.19,-74.31,7.01,731.75
2024-04-07,48.89,48.89,-66.84,-7.86,707.00
2024-04-08,-43.95,-30.93,-62.23,-48.67,755.00
2024-04-09,9.09,9.09,-14.99,-2.87,738.75
2024-04-10,61.62,61.62,-36.69,17.94,745.25
2024-04-11,34.62,34.62,-5.87,14.17,767.00
2024-04-12,-25.98,-13.25,-25.98,-21.16,704.25
2024-04-13,12.02,12.02,-37.50,-7.16,702.00
2024-04-14,-37.18,27.16,-37.18,-5.59,696.00
2024-04-15,51.18,51.18,31.68,44.54,762.25
2024-04-16,-12.79,-12.79,-39.62,-22.83,706.50
2024-04-17,-57.23,-50.94,-77.80,-63.96,687.25
2024-04-18,-30.52,-19.92,-57.96,-37.95,698.50
2024-04-19,-14.96,0.83,-21.51,-9.71,712.00
2024-04-20,3.22,6.29,-15.72,-3.55,711.00
2024-04-21,12.58,12.58,-9.26,-0.40,710.50
2024-04-22,-67.51,-15.12,-67.51,-40.57,714.25
2024-04-23,-97.61,-24.12,-97.61,-62.40,719.00
2024-04-24,-1.06,1.27,-69.03,-26.14,709.00
2024-04-25,-2.13,25.95,-36.96,-5.10,723.50
2024-04-26,81.04,81.04,15.13,47.58,758.25
2024-04-27,12.16,18.38,-3.87,7.46,695.25
2024-04-28,8.46,9.72,-1.08,5.26,691.00
2024-04-29,-55.35,0.59,-55.35,-20.29,727.75
2024-04-30,-7.96,14.50,-15.64,-2.13,715.75
2024-05-01,-8.82,-8.82,-42.51,-22.88,680.50
2024-05-02,-16.80,-4.46,-59.72,-27.75,701.00
2024-05-03,-25.43,-7.23,-68.44,-34.43,686.00
2024-05-04,-58.67,5.56,-58.67,-34.77,660.50
2024-05-05,-66.28,-34.46,-66.28,-47.09,669.50
2024-05-06,26.23,26.23,-13.14,7.66,699.00
2024-05-07,-24.65,-2.85,-24.65,-11.80,696.75
2024-05-08,40.87,40.87,-33.35,9.83,718.75
2024-05-09,-25.18,-19.55,-35.79,-26.05,683.25
2024-05-10,-32.62,1.26,-32.62,-14.66,684.50
2024-05-11,-42.67,25.20,-42.67,-13.44,700.50
2024-05-12,18.45,32.37,-7.36,12.80,686.25
2024-05-13,-22.04,-8.38,-22.04,-16.04,687.25
2024-05-14,-36.37,-7.93,-36.37,-18.54,680.75
2024-05-15,-32.81,-3.03,-44.29,-26.91,680.00
2024-05-16,-15.76,-15.76,-28.06,-22.29,685.00
2024-05-17,-50.10,-12.55,-50.10,-27.73,676.50
2024-05-18,-20.35,5.61,-24.95,-11.62,677.75
2024-05-19,15.72,15.72,4.97,12.18,694.50
2024-05-20,-51.00,-6.67,-51.00,-33.29,682.25
2024-05-21,-59.66,-11.17,-59.66,-33.01,685.25
2024-05-22,-24.83,-11.89,-25.63,-19.93,700.25
2024-05-23,-36.68,-8.46,-36.68,-24.79,698.50
2024-05-24,-52.93,-14.84,-52.93,-27.86,691.00
2024-05-25,-29.98,1.08,-33.93,-19.72,668.50
2024-05-26,-33.23,-1.57,-39.62,-27.39,688.00
2024-05-27,-0.10,0.56,-6.53,-2.18,713.00
2024-05-28,8.34,8.34,-13.42,-5.95,704.50
2024-05-29,-22.52,-20.58,-29.90,-24.82,696.25
2024-05-30,-42.12,-18.16,-42.12,-29.59,698.25
2024-05-31,-2.42,2.44,-4.62,-1.02,699.25
2024-06-01,-4.83,-0.81,-7.37,-5.07,669.50
2024-06-02,27.98,30.92,2.11,20.99,690.25
2024-06-03,-49.03,-17.59,-49.03,-31.14,691.75
2024-06-04,-43.93,-26.96,-43.93,-32.91,682.25
2024-06-05,-0.84,3.78,-18.12,-7.51,702.50
2024-06-06,-32.22,-17.48,-32.22,-26.97,672.75
2024-06-07,-35.27,-19.05,-35.27,-26.10,698.00
2024-06-08,-15.38,-15.38,-44.70,-27.44,687.00
2024-06-09,16.92,16.92,-12.22,2.42,697.00
2024-06-10,-76.16,-52.89,-76.16,-63.79,682.50
2024-06-11,-80.55,-47.56,-80.55,-62.16,685.00
2024-06-12,-63.94,-42.76,-68.65,-60.36,713.25
2024-06-13,-71.12,-66.07,-78.64,-72.36,726.75
2024-06-14,-52.76,-45.92,-56.52,-50.55,760.25
2024-06-15,-34.61,-32.90,-51.61,-39.70,756.50
2024-06-16,4.97,4.97,-31.11,-12.85,754.50
2024-06-17,-0.68,33.34,-0.68,18.80,768.75
2024-06-18,17.16,17.16,6.73,14.08,806.75
2024-06-19,-21.33,-6.71,-21.33,-13.82,773.00
2024-06-20,-12.54,2.37,-12.54,-6.29,779.00
2024-06-21,-17.96,-17.96,-58.61,-30.64,788.00
2024-06-22,-11.32,-6.03,-51.41,-24.53,785.75
2024-06-23,27.04,27.04,-30.47,-0.63,777.00
2024-06-24,-58.56,-43.61,-69.01,-58.05,769.25
2024-06-25,36.36,45.86,36.36,42.74,814.00
2024-06-26,45.14,51.47,30.32,42.08,809.25
2024-06-27,2.38,7.95,1.71,4.48,799.00
2024-06-28,-33.99,-26.32,-33.99,-29.90,776.50
2024-06-29,-35.92,-34.80,-51.70,-42.43,770.50
2024-06-30,-34.56,-34.56,-50.25,-42.24,763.00
2024-07-01,-49.62,-49.62,-82.28,-65.51,785.50
2024-07-02,-86.47,-55.02,-86.47,-72.70,853.75
2024-07-03,-48.25,-48.25,-78.76,-64.06,880.25
2024-07-04,-78.30,-40.50,-78.30,-62.02,899.50
2024-07-05,-67.78,-24.37,-67.78,-45.90,944.75
2024-07-06,-13.70,-12.01,-17.68,-14.55,929.75
2024-07-07,-77.84,-67.85,-77.84,-73.85,873.00
2024-07-08,-74.55,-41.28,-74.55,-53.28,959.00
2024-07-09,-21.30,-3.58,-45.66,-22.79,964.25
2024-07-10,-5.32,3.65,-20.64,-7.49,909.50
2024-07-11,108.85,108.85,79.77,92.45,948.25
2024-07-12,92.19,92.19,61.67,77.22,927.75
2024-07-13,-19.28,-8.85,-24.05,-18.28,823.50
2024-07-14,-38.64,-38.64,-82.75,-62.41,780.25
2024-07-15,40.45,58.24,21.59,37.42,937.50
2024-07-16,-64.41,-45.60,-64.41,-54.76,918.00
2024-07-17,-72.82,-55.96,-72.82,-66.08,947.25
2024-07-18,-50.27,-42.43,-56.96,-50.13,973.25
2024-07-19,-13.58,-6.46,-15.92,-12.74,980.00
2024-07-20,-9.98,-9.98,-24.60,-15.74,984.50
2024-07-21,-58.66,-39.46,-61.79,-51.46,943.25
2024-07-22,-55.62,-51.58,-70.58,-59.88,1011.25
2024-07-23,-121.61,-110.79,-122.29,-118.01,976.50
2024-07-24,-76.36,-66.65,-90.95,-78.68,1022.00
2024-07-25,-7.59,-5.17,-13.02,-9.20,1072.75
2024-07-26,-10.37,-10.37,-52.02,-30.10,980.00
2024-07-27,-44.37,-41.61,-61.59,-49.61,971.00
2024-07-28,-62.42,-47.09,-66.07,-56.69,971.75
2024-07-29,-62.43,-57.65,-69.91,-64.27,1044.25
2024-07-30,-34.64,-34.64,-49.64,-43.52,1071.25
2024-07-31,-31.68,-31.68,-43.82,-38.85,1089.00
2024-08-01,-69.00,-67.35,-69.00,-67.94,1080.00
2024-08-02,-78.48,-64.19,-78.48,-72.44,1087.75
2024-08-03,-110.98,-107.94,-115.80,-112.04,1016.25
2024-08-04,-129.02,-113.06,-134.96,-123.91,992.75
2024-08-05,-69.12,-37.56,-69.12,-52.90,1072.75
2024-08-06,-46.69,-44.65,-47.64,-46.14,1091.00
2024-08-07,13.18,13.18,-5.79,2.26,1136.75
2024-08-08,-47.33,-41.03,-53.66,-46.62,1106.50
2024-08-09,-61.08,-35.45,-61.08,-44.96,1091.75
2024-08-10,20.62,20.62,-36.45,-8.22,1073.00
2024-08-11,-11.73,39.80,-11.73,15.82,1077.75
2024-08-12,-8.80,26.23,-8.80,8.91,1120.50
2024-08-13,17.01,17.01,6.04,11.71,1095.50
2024-08-14,49.83,72.58,7.08,41.34,1091.50
2024-08-15,5.46,23.23,1.03,13.19,996.00
2024-08-16,9.57,9.57,-1.67,2.90,1050.75
2024-08-17,-31.32,-23.28,-46.94,-35.63,971.25
2024-08-18,15.97,15.97,-41.27,-13.98,968.50
2024-08-19,-68.03,-54.91,-71.78,-62.94,1044.00
2024-08-20,-72.63,-57.31,-75.07,-68.02,1020.00
2024-08-21,-50.03,-28.39,-50.03,-37.23,1064.25
2024-08-22,-18.72,-9.05,-18.72,-15.30,1072.00
2024-08-23,7.01,10.50,7.01,8.84,1084.25
2024-08-24,-25.51,-25.51,-53.27,-41.33,985.50
2024-08-25,-60.52,-60.52,-71.47,-63.99,949.00
2024-08-26,-6.72,-6.72,-23.28,-17.16,1060.50
2024-08-27,-68.48,-56.83,-93.55,-73.53,1016.00
2024-08-28,12.51,12.51,-33.70,-8.64,1003.50
2024-08-29,28.73,28.73,-27.85,-0.85,1047.00
2024-08-30,-17.40,-17.40,-28.08,-21.97,1012.75
2024-08-31,40.69,40.69,7.70,25.04,983.25
2024-09-01,36.91,36.91,-12.65,8.18,944.00
2024-09-02,27.26,27.26,-31.03,-3.43,985.25
2024-09-03,0.23,13.32,-17.45,-3.71,969.25
2024-09-04,-37.67,-17.47,-37.67,-27.00,965.50
2024-09-05,-64.56,-63.39,-88.69,-71.43,957.50
2024-09-06,-48.32,-48.32,-63.93,-56.02,961.75
2024-09-07,-48.67,-31.73,-48.67,-39.69,926.75
2024-09-08,-30.88,-11.83,-30.88,-18.21,925.75
2024-09-09,-60.73,-46.17,-78.27,-65.41,973.75
2024-09-10,-55.56,-52.39,-64.23,-57.92,990.25
2024-09-11,-69.58,-47.82,-70.29,-62.77,958.00
2024-09-12,-57.70,-45.53,-57.70,-48.74,1019.50
2024-09-13,-28.95,-28.95,-38.64,-36.02,1007.50
2024-09-14,-167.13,-137.90,-174.82,-161.68,847.00
2024-09-15,-178.70,-173.94,-178.70,-176.15,820.75
2024-09-16,-174.86,-168.07,-178.89,-173.59,804.50
2024-09-17,-150.99,-130.09,-150.99,-137.67,743.25
2024-09-18,-203.15,-174.17,-203.15,-187.29,794.25
2024-09-19,-123.44,-107.50,-123.44,-113.76,892.00
2024-09-20,24.20,33.09,10.50,21.49,1017.00
2024-09-21,-34.25,7.41,-34.25,-7.83,934.00
2024-09-22,122.20,122.20,65.16,95.91,912.50
2024-09-23,87.59,115.53,87.59,105.23,916.50
2024-09-24,88.45,99.76,88.45,95.26,914.25
2024-09-25,-61.63,-61.39,-74.80,-67.27,795.00
2024-09-26,-91.51,-76.14,-91.51,-83.12,799.25
2024-09-27,-26.42,-18.23,-26.42,-22.74,815.25
2024-09-28,-25.18,-20.44,-38.18,-27.97,796.00
2024-09-29,10.18,18.57,2.63,11.78,790.00
2024-09-30,-69.29,-59.54,-73.19,-65.61,787.00
2024-10-01,-43.37,-32.42,-46.62,-42.01,759.50
2024-10-02,-8.07,-8.07,-31.99,-21.44,716.75
2024-10-03,-6.92,-6.92,-32.38,-23.59,692.50
2024-10-04,-36.99,-36.99,-48.13,-44.00,703.00
2024-10-05,-10.52,-10.52,-36.48,-27.40,702.00
2024-10-06,-31.68,-31.68,-47.17,-39.59,677.50
2024-10-07,-15.85,-15.85,-34.64,-27.26,708.50
2024-10-08,-23.28,-23.28,-50.39,-36.84,699.25
2024-10-09,-19.08,-9.83,-24.00,-18.25,703.00
2024-10-10,-40.42,-14.58,-40.42,-22.53,718.00
2024-10-11,-15.96,-15.96,-25.21,-20.59,717.75
2024-10-12,0.65,0.65,-8.38,-4.93,715.00
2024-10-13,-2.98,-2.98,-20.37,-14.86,694.00
2024-10-14,-62.60,-62.60,-73.36,-68.81,708.25
2024-10-15,-59.87,-59.87,-74.41,-67.93,710.25
2024-10-16,-18.20,-18.20,-23.08,-21.23,749.75
2024-10-17,-30.27,-30.27,-42.15,-37.40,747.75
2024-10-18,-95.09,-90.08,-97.73,-93.58,753.75
2024-10-19,-30.57,-30.57,-37.83,-34.80,691.75
2024-10-20,-30.68,-30.68,-41.58,-35.70,654.00
2024-10-21,-66.30,-62.50,-71.89,-66.45,693.50
2024-10-22,-48.82,-34.51,-48.82,-39.16,738.25
2024-10-23,-5.27,-5.27,-31.92,-20.97,707.75
2024-10-24,0.37,21.51,0.37,11.30,740.75
2024-10-25,-29.07,-29.07,-36.34,-32.65,708.50
2024-10-26,-62.00,-59.57,-68.33,-64.30,660.25
2024-10-27,-43.21,-31.03,-49.99,-40.54,664.75
2024-10-28,-26.80,-26.80,-29.56,-28.34,696.00
2024-10-29,-17.93,-15.45,-18.95,-17.14,709.00
2024-10-30,-26.00,-24.05,-26.70,-25.40,700.00
2024-10-31,-28.78,-20.99,-28.78,-23.93,703.00
2024-11-01,-45.83,-27.88,-45.83,-33.94,701.25
2024-11-02,-0.19,2.77,-8.50,-2.02,706.25
2024-11-03,4.66,4.66,-11.95,-6.82,683.75
2024-11-04,-24.02,-20.60,-25.28,-23.53,696.00
2024-11-05,-4.96,-4.96,-25.77,-17.90,696.25
2024-11-06,-10.11,-10.11,-23.17,-17.20,703.25
2024-11-07,-23.00,-23.00,-35.35,-29.17,701.00
2024-11-08,-30.81,-23.40,-30.81,-28.25,692.00
2024-11-09,-23.96,-23.96,-37.28,-30.13,669.50
2024-11-10,-40.31,-33.57,-40.31,-36.34,662.50
2024-11-11,-24.12,-23.75,-29.33,-26.49,699.50
2024-11-12,-47.23,-30.57,-47.23,-37.66,684.00
2024-11-13,-8.79,-8.79,-23.60,-16.24,704.00
2024-11-14,-22.44,-19.50,-30.01,-25.49,703.75
2024-11-15,-35.17,-16.31,-35.17,-26.37,707.00
2024-11-16,-38.35,-27.79,-39.40,-33.97,677.00
2024-11-17,34.40,49.56,29.80,39.05,730.50
2024-11-18,0.08,10.19,-13.40,-3.13,741.75
2024-11-19,-2.27,0.10,-12.21,-5.52,733.75
2024-11-20,-21.23,-17.71,-21.23,-19.35,737.50
2024-11-21,-18.01,-18.01,-31.65,-24.94,722.50
2024-11-22,-13.27,-13.27,-25.53,-18.84,732.25
2024-11-23,-17.58,-17.58,-47.87,-37.40,694.25
2024-11-24,-13.75,-4.98,-21.98,-11.49,707.75
2024-11-25,-38.23,-29.53,-39.48,-36.52,722.75
2024-11-26,-45.76,-34.18,-51.92,-44.99,741.00
2024-11-27,-87.09,-56.85,-87.09,-72.04,753.50
2024-11-28,-57.55,-37.12,-57.55,-45.77,778.00
2024-11-29,-29.78,3.60,-29.78,-9.57,808.75
2024-11-30,22.88,22.88,-9.43,5.27,763.50
2024-12-01,34.17,34.17,14.53,22.33,768.25
2024-12-02,34.58,34.58,12.32,23.34,796.00
2024-12-03,-31.91,-31.91,-43.84,-40.35,772.25
2024-12-04,-26.73,-26.73,-46.75,-39.60,783.75
2024-12-05,-35.69,-25.13,-35.69,-28.46,794.00
2024-12-06,-17.66,-2.93,-17.66,-7.87,802.50
2024-12-07,-22.91,-0.52,-22.91,-8.07,778.25
2024-12-08,-22.73,-14.16,-22.73,-17.60,787.50
2024-12-09,-18.87,-10.23,-19.39,-14.71,827.75
2024-12-10,-8.39,-8.39,-17.91,-12.75,825.50
2024-12-11,17.24,20.43,-0.97,9.20,848.25
2024-12-12,30.27,43.10,20.38,30.30,875.50
2024-12-13,-6.50,7.95,-16.25,-3.49,847.75
2024-12-14,2.22,16.68,2.22,11.36,840.25
2024-12-15,-26.34,3.72,-26.34,-8.27,811.25
2024-12-16,10.92,10.92,-2.22,3.90,866.00
2024-12-17,-5.09,-2.93,-10.51,-5.86,849.00
2024-12-18,-56.41,-22.15,-56.41,-39.69,864.00
2024-12-19,-22.66,-22.66,-37.12,-30.33,874.75
2024-12-20,-7.49,-7.26,-16.64,-11.23,863.25
2024-12-21,-26.30,2.97,-26.30,-11.11,859.00
2024-12-22,-29.79,-13.92,-29.79,-18.26,844.75
2024-12-23,-15.00,17.74,-15.00,2.17,895.00
2024-12-24,6.53,23.47,6.53,19.07,887.50
2024-12-25,49.99,49.99,35.53,44.19,859.25
2024-12-26,-10.70,1.21,-10.70,-6.47,888.75
2024-12-27,-15.24,-0.89,-15.24,-8.39,894.50
2024-12-28,5.91,14.68,5.91,11.00,892.25
2024-12-29,19.30,19.30,-1.09,5.18,851.50
2024-12-30,39.00,46.90,29.09,38.31,891.25
2024-12-31,36.01,36.01,16.64,28.37,903.25
2025-01-01,24.97,24.97,-26.76,-8.22,805.25
2025-01-02,16.50,16.50,-0.59,5.71,884.25
2025-01-03,3.41,3.41,-26.99,-15.48,901.25
2025-01-04,15.43,15.43,-35.57,-16.76,852.00
2025-01-05,-14.43,-5.19,-14.43,-10.61,823.50
2025-01-06,-45.50,-41.60,-47.87,-44.61,884.00
2025-01-07,-68.74,-31.20,-68.74,-46.94,895.25
2025-01-08,-30.20,-14.84,-30.20,-19.93,912.25
2025-01-09,-94.88,-78.70,-94.88,-88.96,942.75
2025-01-10,-37.65,-23.68,-37.65,-30.58,959.00
2025-01-11,-18.57,-11.47,-30.87,-20.34,929.25
2025-01-12,3.43,3.43,-31.12,-17.78,904.75
2025-01-13,18.91,18.91,-80.09,-39.82,917.50
2025-01-14,70.03,70.03,9.79,33.48,922.50
2025-01-15,-42.11,-25.89,-42.11,-32.30,960.50
2025-01-16,-39.15,-33.39,-48.84,-41.73,921.75
2025-01-17,31.30,31.30,-28.17,-1.59,940.50
2025-01-18,47.14,47.14,-38.29,-2.13,872.75
2025-01-19,59.80,59.80,-57.02,-13.13,836.25
2025-01-20,-2.57,-2.57,-43.30,-28.35,893.00
2025-01-21,8.02,8.02,-64.51,-40.36,863.75
2025-01-22,26.98,26.98,-16.95,4.27,883.25
2025-01-23,33.40,33.40,-9.29,8.65,877.75
2025-01-24,51.71,51.71,5.77,24.74,866.75
2025-01-25,14.36,14.36,-32.10,-12.59,827.75
2025-01-26,-50.13,-39.45,-57.86,-48.71,791.00
2025-01-27,-143.92,-124.53,-143.92,-136.44,779.75
2025-01-28,-84.61,-74.71,-98.20,-86.18,822.25
2025-01-29,32.37,32.37,-72.29,-22.33,810.00
2025-01-30,26.91,26.91,-108.70,-52.72,803.75
2025-01-31,-37.27,-12.22,-37.27,-22.77,837.00
2025-02-01,-57.62,-11.43,-57.62,-27.98,824.00
2025-02-02,22.43,22.43,-6.08,5.15,834.50
2025-02-03,-59.36,-42.31,-59.36,-52.58,928.25
2025-02-04,49.70,49.70,18.65,30.87,1027.75
2025-02-05,41.05,45.82,2.06,25.73,1020.25
2025-02-06,25.60,25.60,-28.41,-3.79,972.50
2025-02-07,-74.56,-46.82,-74.56,-58.33,994.25
2025-02-08,-24.42,-20.95,-37.13,-27.85,947.50
2025-02-09,-0.37,3.13,-24.17,-11.15,930.50
2025-02-10,55.07,55.07,-29.37,4.28,968.00
2025-02-11,15.84,15.84,-11.53,0.74,877.00
2025-02-12,62.87,62.87,26.29,42.09,929.00
2025-02-13,16.67,16.67,-71.40,-35.01,887.25
2025-02-14,23.19,28.24,-0.93,16.88,876.75
2025-02-15,-80.35,8.55,-80.35,-28.94,828.00
2025-02-16,86.05,86.05,15.68,42.44,836.75
2025-02-17,32.61,32.61,6.99,18.53,933.75
2025-02-18,16.90,16.90,-50.08,-24.53,920.00
2025-02-19,10.99,10.99,-64.15,-33.09,920.75
2025-02-20,11.43,11.43,-21.51,-3.56,946.50
2025-02-21,-2.19,-2.19,-29.45,-17.77,938.25
2025-02-22,8.11,8.11,-62.36,-37.29,884.00
2025-02-23,-44.61,-44.61,-77.72,-60.34,896.75
2025-02-24,35.67,35.67,-67.62,-21.34,939.25
2025-02-25,-23.33,-1.09,-23.33,-13.45,902.50
2025-02-26,6.54,10.41,-49.10,-17.79,854.75
2025-02-27,-55.00,16.55,-55.00,-8.60,880.50
2025-02-28,63.22,67.60,4.77,40.14,848.50
2025-03-01,47.69,64.92,47.69,57.29,807.00
2025-03-02,76.71,76.71,54.48,65.59,787.50
2025-03-03,-31.50,-9.23,-31.50,-19.20,835.50
2025-03-04,-44.20,-21.32,-44.20,-36.89,843.50
2025-03-05,-73.38,-44.89,-73.38,-56.82,838.50
2025-03-06,15.33,15.33,-50.97,-25.28,846.75
2025-03-07,62.80,62.80,-5.16,22.44,860.50
2025-03-08,-17.27,-17.27,-77.66,-53.57,770.75
2025-03-09,27.37,27.37,-126.94,-66.70,722.50
2025-03-10,-73.37,-56.33,-73.37,-64.64,775.25
2025-03-11,100.03,100.03,-3.51,38.48,822.50
2025-03-12,65.12,65.12,6.27,34.12,820.25
2025-03-13,-6.82,1.66,-6.82,-1.96,777.50
2025-03-14,18.95,18.95,16.39,17.54,769.25
2025-03-15,-78.64,-15.17,-78.64,-42.52,789.00
2025-03-16,59.45,59.45,-17.04,5.85,869.00
2025-03-17,-35.18,-35.18,-135.21,-92.73,790.25
2025-03-18,-72.52,-72.15,-124.94,-96.46,843.00
2025-03-19,-12.19,-12.19,-87.26,-63.74,821.75
2025-03-20,44.53,44.53,-38.04,-2.96,813.75
2025-03-21,78.62,86.85,7.05,49.57,814.50
2025-03-22,15.29,15.29,-40.90,-12.38,711.25
2025-03-23,7.40,33.78,-14.87,5.89,714.25
2025-03-24,0.73,34.31,-17.71,2.63,735.75
2025-03-25,-2.42,13.76,-11.15,2.10,737.25
2025-03-26,-2.79,27.98,-2.79,14.55,735.75
2025-03-27,-45.16,32.45,-45.16,0.92,780.75
2025-03-28,-107.52,-79.70,-126.45,-99.81,728.25
2025-03-29,-69.31,-69.31,-108.78,-93.83,741.50
2025-03-30,-37.32,-37.32,-115.34,-79.92,723.50
2025-03-31,-34.76,-34.76,-72.47,-54.00,762.00
2025-04-01,-10.23,-10.23,-97.15,-54.80,742.50
2025-04-02,34.10,34.10,-4.28,12.28,792.25
2025-04-03,-7.78,-7.78,-25.79,-14.31,790.50
2025-04-04,-36.61,-24.20,-41.84,-34.26,761.50
2025-04-05,21.25,21.25,-57.85,-23.16,720.25
2025-04-06,6.03,14.19,-87.36,-28.23,710.00
2025-04-07,21.78,21.78,-72.12,-25.96,723.75
2025-04-08,17.43,28.14,-35.46,-0.29,739.25
2025-04-09,-49.73,5.49,-49.73,-16.95,729.25
2025-04-10,5.68,5.68,-19.35,-5.73,736.75
2025-04-11,-8.48,-2.90,-30.30,-14.47,720.00
2025-04-12,-66.75,23.88,-66.75,-22.92,743.50
2025-04-13,43.70,43.70,-63.10,-19.89,737.75
2025-04-14,-84.84,-69.27,-86.21,-81.23,717.75
2025-04-15,-27.04,-27.04,-91.48,-57.88,704.25
2025-04-16,34.39,40.24,17.54,32.01,747.00
2025-04-17,-69.05,-13.93,-69.05,-33.94,714.25
2025-04-18,-27.50,22.29,-27.50,-0.90,719.75
2025-04-19,-60.40,4.52,-60.40,-18.01,700.50
2025-04-20,-17.64,27.97,-17.64,11.00,709.50
2025-04-21,-17.67,12.13,-17.67,-2.07,729.75
2025-04-22,13.17,27.27,13.17,18.23,742.00
2025-04-23,39.58,39.58,-30.45,6.40,733.75
2025-04-24,14.90,14.90,-19.12,-1.74,712.25
2025-04-25,37.45,37.45,-50.47,-10.98,718.25
2025-04-26,15.38,15.38,-56.64,-13.63,684.75
2025-04-27,-51.36,-38.02,-51.36,-44.27,670.50
2025-04-28,4.99,4.99,-56.65,-23.24,696.00
2025-04-29,-18.91,-18.91,-36.06,-25.04,702.00
2025-04-30,7.35,18.00,2.40,10.85,713.25
2025-05-01,-82.50,-4.20,-82.50,-35.78,720.25
2025-05-02,12.58,12.58,-20.32,-1.53,717.50
2025-05-03,10.64,22.27,-12.60,6.27,698.00
2025-05-04,0.29,13.51,-52.91,-11.57,673.25
2025-05-05,-62.08,-33.01,-62.08,-51.40,684.00
2025-05-06,-52.80,-38.01,-53.90,-48.39,648.00
2025-05-07,-17.40,-15.24,-30.75,-20.64,696.00
2025-05-08,-35.30,46.53,-35.30,5.28,704.00
2025-05-09,-62.66,-0.21,-62.66,-29.78,705.50
2025-05-10,6.87,6.87,-39.31,-15.81,679.00
2025-05-11,26.69,26.69,-17.74,3.11,678.75
2025-05-12,-16.34,-14.21,-28.66,-19.51,684.00
2025-05-13,-46.29,4.51,-46.29,-18.58,688.50
2025-05-14,-63.79,-5.49,-63.79,-30.10,683.50
2025-05-15,-43.60,-20.03,-43.60,-34.84,699.00
2025-05-16,-65.58,-29.42,-65.58,-47.13,709.25
2025-05-17,-23.09,8.88,-23.09,-9.62,674.50
2025-05-18,62.56,62.56,-11.53,30.92,701.75
2025-05-19,-24.96,3.56,-24.96,-9.47,689.50
2025-05-20,-79.66,-16.46,-79.66,-41.09,703.50
2025-05-21,-43.34,-33.30,-52.00,-40.84,708.50
2025-05-22,-33.94,-10.25,-33.94,-22.67,722.75
2025-05-23,-3.58,-3.58,-16.42,-10.06,718.50
2025-05-24,20.75,22.36,-8.88,12.70,690.00
2025-05-25,22.20,22.20,-28.92,7.71,669.00
2025-05-26,57.25,57.25,1.07,28.66,723.25
2025-05-27,-5.01,0.59,-19.78,-7.03,695.50
2025-05-28,-23.22,-8.34,-23.95,-18.47,697.00
2025-05-29,-41.63,-21.23,-41.63,-29.69,684.25
2025-05-30,-25.67,-13.47,-25.67,-17.79,690.25
2025-05-31,-71.27,-21.24,-71.27,-44.94,644.25
2025-06-01,37.00,37.00,-15.62,4.26,680.50
2025-06-02,-20.38,1.77,-20.38,-6.24,714.00
2025-06-03,32.93,34.89,31.43,32.76,708.25
2025-06-04,24.81,24.81,10.66,18.85,736.00
2025-06-05,-29.22,-10.95,-29.22,-19.87,701.00
2025-06-06,-3.03,-1.95,-9.56,-4.62,704.00
2025-06-07,-50.03,-41.83,-56.33,-47.64,672.25
2025-06-08,-44.78,-39.29,-45.27,-43.17,670.25
2025-06-09,-27.68,-27.68,-43.53,-38.20,702.50
2025-06-10,-22.21,-15.86,-30.47,-22.71,721.00
2025-06-11,-14.10,-12.89,-17.89,-14.59,724.50
2025-06-12,8.07,8.07,-6.63,-0.09,735.25
2025-06-13,-61.82,-51.75,-61.82,-56.11,744.25
2025-06-14,-33.74,-17.78,-36.81,-28.96,720.75
2025-06-15,-43.06,-34.63,-46.60,-40.60,734.50
2025-06-16,10.02,10.02,-13.88,-4.65,772.50
2025-06-17,-42.12,-22.73,-42.12,-31.04,788.00
2025-06-18,-27.09,-21.20,-34.51,-26.74,774.75
2025-06-19,-65.47,-56.56,-79.37,-66.26,805.00
2025-06-20,-59.48,-38.49,-69.16,-55.59,811.50
2025-06-21,-75.02,-40.43,-75.02,-58.75,788.75
2025-06-22,50.03,50.03,13.31,30.79,781.50
2025-06-23,3.34,58.46,3.34,36.23,842.75
2025-06-24,63.81,63.81,41.35,53.10,870.50
2025-06-25,-8.84,-8.84,-24.58,-14.92,797.25
2025-06-26,-17.13,-11.64,-23.52,-18.25,799.50
2025-06-27,-96.95,-91.01,-100.67,-95.68,807.75
2025-06-28,-69.98,-63.12,-70.14,-68.33,821.25
2025-06-29,-83.53,-83.53,-106.36,-96.15,808.75
2025-06-30,-80.54,-68.83,-80.85,-75.72,908.75
2025-07-01,-108.87,-101.17,-113.37,-108.43,912.25
2025-07-02,-71.78,-54.59,-71.78,-59.48,965.00
2025-07-03,10.59,13.67,4.02,9.39,1023.00
2025-07-04,-2.93,14.16,-2.93,7.66,1016.75
2025-07-05,-33.80,-18.73,-35.20,-30.10,963.75
2025-07-06,-31.84,-31.84,-88.82,-60.00,945.75
2025-07-07,-71.26,-55.11,-71.26,-63.91,999.75
2025-07-08,-58.71,-7.18,-58.71,-28.07,1013.75
2025-07-09,37.98,52.71,34.41,42.73,1037.00
2025-07-10,53.47,54.38,49.37,52.80,1019.25
2025-07-11,82.05,89.77,63.43,76.82,970.75
2025-07-12,109.37,109.37,88.90,100.41,936.75
2025-07-13,131.79,131.79,107.11,118.49,926.75
2025-07-14,77.25,77.25,30.98,53.43,932.75
2025-07-15,-8.73,2.82,-8.73,-2.56,897.50
2025-07-16,-14.41,-14.41,-37.73,-30.41,886.25
2025-07-17,-109.99,-109.99,-128.72,-118.94,877.00
2025-07-18,-70.31,-46.76,-70.31,-53.64,893.75
2025-07-19,-28.57,-27.08,-33.30,-29.43,916.50
2025-07-20,-39.54,-33.87,-39.54,-36.15,919.00
2025-07-21,-28.85,-9.39,-28.85,-18.50,1014.25
2025-07-22,3.22,9.03,-2.12,2.27,1039.25
2025-07-23,-11.79,-1.45,-16.56,-10.89,1029.50
2025-07-24,8.02,28.49,-1.09,15.45,1079.00
2025-07-25,12.65,12.65,3.39,7.81,1078.25
2025-07-26,-32.02,-32.02,-51.24,-43.50,984.75
2025-07-27,-10.26,-7.24,-38.67,-19.16,983.50
2025-07-28,-1.35,15.87,-23.28,-3.20,1069.25
2025-07-29,-8.00,-4.01,-13.45,-9.33,1070.75
2025-07-30,48.02,72.25,9.04,46.93,1048.25
2025-07-31,3.10,3.10,-17.08,-5.81,1062.25
2025-08-01,-66.20,-66.20,-76.21,-69.97,1045.00
2025-08-02,-35.50,-34.88,-40.18,-37.48,1007.75
2025-08-03,2.91,7.77,2.91,6.20,1002.75
2025-08-04,-19.04,7.01,-57.77,-18.95,1072.00
2025-08-05,-61.39,-26.66,-61.39,-47.47,1059.00
2025-08-06,-9.88,14.53,-9.88,5.96,1096.00
2025-08-07,-0.37,-0.37,-40.63,-25.70,1059.25
2025-08-08,76.28,76.28,41.69,56.52,1066.25
2025-08-09,42.79,45.25,28.87,39.92,1032.00
2025-08-10,105.55,105.77,73.05,95.80,1017.50
2025-08-11,112.82,136.63,112.82,126.46,1071.50
2025-08-12,-22.43,-3.74,-22.43,-12.65,997.25
2025-08-13,-33.41,-6.69,-33.41,-20.55,1034.00
2025-08-14,-98.62,-95.08,-106.40,-100.78,961.75
2025-08-15,-17.56,-17.56,-47.48,-34.13,981.25
2025-08-16,-61.25,-61.25,-73.97,-69.39,951.50
2025-08-17,-45.17,-45.17,-74.56,-65.08,950.75
2025-08-18,-71.07,-61.40,-82.62,-71.75,1000.25
2025-08-19,-22.18,0.14,-22.18,-9.62,1071.50
2025-08-20,-56.05,-56.05,-80.84,-69.64,1012.00
2025-08-21,-24.20,-14.26,-24.20,-18.91,1065.00
2025-08-22,-42.36,-42.36,-46.87,-44.45,1057.50
2025-08-23,-49.35,-48.07,-61.80,-53.77,1016.75
2025-08-24,-39.23,-33.84,-40.36,-37.09,1011.50
2025-08-25,-71.22,-38.09,-71.22,-56.84,1056.75
2025-08-26,-69.32,-62.30,-74.80,-68.13,1061.75
2025-08-27,-26.08,-1.42,-26.08,-11.31,1090.25
2025-08-28,15.92,15.92,-9.04,-1.41,1096.50
2025-08-29,-11.76,8.58,-12.22,-3.23,1095.75
2025-08-30,16.32,22.96,4.28,14.16,1034.00
2025-08-31,75.29,75.29,36.77,48.84,1033.50
2025-09-01,-12.55,5.20,-12.55,-1.41,1066.00
2025-09-02,56.67,56.67,39.88,46.18,1054.00
2025-09-03,19.63,19.63,-3.63,4.30,1038.75
2025-09-04,-27.66,-22.48,-29.92,-25.95,1037.75
2025-09-05,-40.25,-26.31,-40.25,-31.35,1013.50
2025-09-06,6.50,6.50,-19.98,-5.24,1020.25
2025-09-07,5.03,5.03,-56.66,-28.13,977.00
2025-09-08,-15.18,14.84,-27.10,-13.37,1022.75
2025-09-09,64.89,75.62,44.77,59.11,1010.00
2025-09-10,66.06,66.06,46.39,52.53,989.75
2025-09-11,19.05,19.05,-3.67,7.39,960.50
2025-09-12,-47.80,-35.40,-47.80,-40.15,953.50
2025-09-13,-75.04,-58.04,-75.04,-66.07,892.50
2025-09-14,-67.45,-45.88,-67.45,-58.41,875.00
2025-09-15,-103.30,-79.35,-103.30,-93.24,919.25
2025-09-16,-93.87,-83.08,-97.52,-91.00,960.50
2025-09-17,-75.22,-75.22,-88.09,-82.39,970.25
2025-09-18,20.34,34.10,20.34,25.08,952.25
2025-09-19,52.88,63.58,39.24,51.81,984.25
2025-09-20,42.69,74.43,30.35,54.17,882.50
2025-09-21,101.71,101.71,85.00,92.95,883.00
2025-09-22,47.96,78.44,47.96,63.56,914.75
2025-09-23,52.23,52.23,37.34,44.96,914.50
2025-09-24,-98.15,-81.89,-98.92,-92.69,882.25
2025-09-25,-64.33,-64.33,-80.16,-72.34,865.50
2025-09-26,-33.82,-28.67,-39.70,-33.22,885.00
2025-09-27,24.80,24.80,0.48,16.55,855.25
2025-09-28,-64.51,-54.82,-64.51,-59.21,813.25
2025-09-29,29.28,70.52,27.37,48.28,876.00
2025-09-30,73.34,73.34,59.59,67.06,868.75
2025-10-01,59.86,69.29,58.77,62.37,864.75
2025-10-02,79.74,79.74,60.24,73.66,881.50
2025-10-03,-128.70,-128.70,-168.23,-149.62,698.00
2025-10-04,-110.19,-110.19,-120.20,-117.25,699.00
2025-10-05,-102.14,-102.14,-125.71,-117.54,680.75
2025-10-06,-67.36,-67.36,-106.56,-84.92,697.00
2025-10-07,-66.34,-63.89,-71.85,-67.45,709.25
2025-10-08,-79.89,-79.89,-97.98,-88.85,700.00
2025-10-09,-98.47,-78.19,-102.68,-93.12,685.00
2025-10-10,-72.66,-43.37,-72.66,-53.75,772.75
2025-10-11,-99.96,-53.03,-99.96,-77.32,752.00
2025-10-12,-108.38,-60.08,-108.98,-86.89,739.50
2025-10-13,-126.34,-87.14,-126.34,-107.77,785.00
2025-10-14,-55.58,-43.10,-66.27,-54.88,778.00
2025-10-15,-48.30,-38.52,-50.55,-46.91,814.00
2025-10-16,-16.01,-9.28,-16.69,-12.91,808.00
2025-10-17,2.52,10.71,2.52,6.50,822.25
2025-10-18,6.03,19.75,-1.21,10.44,751.25
2025-10-19,39.26,42.08,25.22,35.34,760.75
2025-10-20,59.07,67.01,48.54,57.63,779.75
2025-10-21,1.93,62.45,1.84,29.78,763.75
2025-10-22,-25.70,-2.39,-25.70,-15.68,727.25
2025-10-23,-23.71,-5.35,-24.33,-14.98,718.50
2025-10-24,-21.69,-8.20,-23.26,-15.51,721.50
2025-10-25,11.85,11.85,-15.22,1.14,707.00
2025-10-26,14.63,17.35,1.56,10.67,702.00
2025-10-27,-4.34,-2.68,-13.32,-6.92,718.75
2025-10-28,-31.91,-31.91,-47.53,-41.46,689.25
2025-10-29,-4.05,-4.05,-13.98,-11.06,721.75
2025-10-30,-19.76,16.54,-19.76,0.01,734.75
2025-10-31,0.41,17.05,-3.66,5.12,720.50
2025-11-01,-3.71,-3.71,-16.69,-11.01,688.25
2025-11-02,-9.16,-9.16,-31.75,-21.19,673.75
2025-11-03,-23.06,-17.09,-33.83,-23.29,716.00
2025-11-04,-33.79,-32.10,-40.44,-36.02,706.00
2025-11-05,-51.41,-44.25,-54.92,-49.58,685.50
2025-11-06,-28.23,-25.82,-29.04,-27.80,709.25
2025-11-07,-13.27,-9.27,-22.66,-16.21,710.00
2025-11-08,-43.88,-29.27,-43.88,-34.81,681.50
2025-11-09,-5.63,3.94,-5.63,0.25,699.00
2025-11-10,41.83,43.49,25.67,36.62,765.50
2025-11-11,-11.54,-10.46,-34.42,-22.27,709.25
2025-11-12,-27.90,-20.23,-32.78,-28.05,714.75
2025-11-13,-13.51,-13.51,-29.70,-21.59,711.25
2025-11-14,-18.63,-18.63,-28.28,-23.77,706.00
2025-11-15,-7.77,-7.77,-17.55,-13.10,702.75
2025-11-16,-32.88,-26.55,-32.88,-29.80,678.25
2025-11-17,7.58,20.43,-4.31,5.97,773.25
2025-11-18,-33.47,-22.70,-44.19,-33.38,747.75
2025-11-19,-18.39,-9.04,-30.15,-20.90,766.00
2025-11-20,-42.68,-40.43,-56.87,-46.81,734.75
2025-11-21,-17.44,-17.44,-28.75,-22.55,748.50
2025-11-22,-5.42,-5.42,-19.78,-13.97,726.00
2025-11-23,-35.25,-35.25,-47.31,-40.03,692.25
2025-11-24,-20.53,-15.87,-20.65,-19.41,740.00
2025-11-25,-13.64,21.15,-18.27,-6.83,772.25
2025-11-26,27.85,43.67,21.55,29.51,789.00
2025-11-27,-53.88,-22.58,-53.88,-39.77,767.50
2025-11-28,-18.38,-18.38,-36.27,-30.39,763.25
2025-11-29,-23.95,-18.39,-41.27,-30.47,709.50
2025-11-30,-40.61,-39.34,-43.08,-40.93,680.75
2025-12-01,23.87,23.87,-14.06,5.08,777.25
2025-12-02,9.19,9.19,-3.77,1.44,802.00
2025-12-03,-36.75,-12.52,-36.75,-24.53,831.50
2025-12-04,-55.33,-25.26,-55.33,-45.59,793.00
2025-12-05,27.39,27.39,-27.67,2.54,817.00
2025-12-06,3.23,11.91,-54.28,-15.30,732.50
2025-12-07,9.90,9.93,-39.75,-5.08,720.75
2025-12-08,-0.41,4.55,-21.81,-9.16,816.00
2025-12-09,-23.51,-23.51,-40.67,-32.49,794.00
2025-12-10,-27.35,-18.34,-39.78,-29.63,761.00
2025-12-11,3.99,45.96,3.99,20.36,825.25
2025-12-12,-3.09,-0.01,-9.61,-4.59,788.00
2025-12-13,-12.75,-3.91,-35.01,-20.35,755.00
2025-12-14,-112.28,-75.81,-112.28,-91.10,717.50
2025-12-15,7.56,7.56,-46.06,-19.91,830.50
2025-12-16,-34.28,-34.28,-68.63,-51.42,760.50
2025-12-17,-32.20,-19.58,-33.52,-29.13,815.25
2025-12-18,0.52,0.52,-38.52,-18.38,821.00
2025-12-19,33.32,42.70,26.11,33.09,811.50
2025-12-20,-20.12,-2.37,-20.12,-11.91,728.00
2025-12-21,-0.09,-0.09,-17.38,-8.62,817.00
2025-12-22,-4.70,-4.70,-34.15,-20.92,815.50
2025-12-23,-25.53,-17.19,-26.02,-22.72,763.75
2025-12-24,-43.75,-9.78,-43.75,-23.06,802.50
2025-12-25,-61.75,-54.60,-61.75,-57.25,806.75
2025-12-26,-87.31,-77.99,-87.38,-84.55,872.25
2025-12-27,-14.60,-14.60,-69.34,-41.85,843.25
2025-12-28,5.80,5.80,-19.38,-4.66,809.75
2025-12-29,-5.43,-5.43,-39.48,-23.05,816.50
2025-12-30,12.71,12.71,-45.91,-23.25,850.25
2025-12-31,-48.74,-48.74,-55.62,-51.51,881.00
