Date,GapMW,ForecastMW
2024-01-01,56.689,866.750
2024-01-02,20.701,886.500
2024-01-03,-36.277,875.250
2024-01-04,-37.941,872.000
2024-01-05,-26.455,823.750
2024-01-06,37.450,890.250
2024-01-07,13.768,912.500
2024-01-08,-14.174,954.750
2024-01-09,-31.743,889.250
2024-01-10,-48.307,928.000
2024-01-11,-46.194,899.750
2024-01-12,-5.473,901.250
2024-01-13,7.048,900.500
2024-01-14,26.082,828.000
2024-01-15,-22.354,932.250
2024-01-16,5.472,908.500
2024-01-17,56.265,873.250
2024-01-18,21.808,856.500
2024-01-19,-10.742,853.250
2024-01-20,2.574,827.500
2024-01-21,-24.639,824.500
2024-01-22,-61.604,978.000
2024-01-23,-13.662,1024.250
2024-01-24,14.598,1033.250
2024-01-25,-26.168,989.000
2024-01-26,-44.354,926.250
2024-01-27,25.600,919.500
2024-01-28,-3.370,904.750
2024-01-29,40.651,972.250
2024-01-30,-10.184,903.750
2024-01-31,46.352,870.000
2024-02-01,-8.809,880.750
2024-02-02,-28.852,853.250
2024-02-03,3.413,859.000
2024-02-04,39.814,844.500
2024-02-05,35.491,911.000
2024-02-06,-15.279,865.500
2024-02-07,-25.425,901.000
2024-02-08,-6.701,881.750
2024-02-09,-86.673,765.500
2024-02-10,-54.161,729.250
2024-02-11,-64.707,741.750
2024-02-12,-4.283,798.000
2024-02-13,77.831,860.750
2024-02-14,56.053,827.750
2024-02-15,-14.394,866.250
2024-02-16,-31.246,828.250
2024-02-17,-15.899,783.000
2024-02-18,-40.427,713.000
2024-02-19,-4.050,763.000
2024-02-20,-7.559,801.500
2024-02-21,-46.158,772.750
2024-02-22,-59.930,828.000
2024-02-23,-35.574,853.000
2024-02-24,-30.860,840.250
2024-02-25,-19.783,817.500
2024-02-26,17.229,886.000
2024-02-27,8.730,856.000
2024-02-28,-14.750,831.500
2024-02-29,-69.260,842.250
2024-03-01,-90.532,867.250
2024-03-02,-21.103,867.500
2024-03-03,-41.152,811.750
2024-03-04,-56.745,838.250
2024-03-05,-63.605,820.000
2024-03-06,8.390,868.750
2024-03-07,-38.130,851.500
2024-03-08,-16.020,867.000
2024-03-09,-4.383,844.500
2024-03-10,40.303,856.750
2024-03-11,-13.113,865.000
2024-03-12,-34.904,851.000
2024-03-13,-22.928,814.250
2024-03-14,39.615,868.750
2024-03-15,32.489,831.000
2024-03-16,46.414,797.750
2024-03-17,46.824,818.250
2024-03-18,18.038,815.750
2024-03-19,-40.232,800.250
2024-03-20,-108.574,769.250
2024-03-21,-37.510,813.500
2024-03-22,-8.258,801.000
2024-03-23,28.156,750.000
2024-03-24,-21.217,747.250
2024-03-25,-69.321,742.250
2024-03-26,-20.453,810.500
2024-03-27,6.869,803.000
2024-03-28,-19.293,807.000
2024-03-29,-34.180,734.250
2024-03-30,14.850,723.750
2024-03-31,2.489,725.000
2024-04-01,-6.425,748.750
2024-04-02,-5.980,781.500
2024-04-03,21.077,777.000
2024-04-04,-49.467,753.000
2024-04-05,-32.636,727.500
2024-04-06,7.010,731.750
2024-04-07,-7.859,707.000
2024-04-08,-48.668,755.000
2024-04-09,-2.866,738.750
2024-04-10,17.937,745.250
2024-04-11,14.175,767.000
2024-04-12,-21.163,704.250
2024-04-13,-7.158,702.000
2024-04-14,-5.595,696.000
2024-04-15,44.536,762.250
2024-04-16,-22.826,706.500
2024-04-17,-63.964,687.250
2024-04-18,-37.948,698.500
2024-04-19,-9.714,712.000
2024-04-20,-3.552,711.000
2024-04-21,-0.398,710.500
2024-04-22,-40.568,714.250
2024-04-23,-62.400,719.000
2024-04-24,-26.139,709.000
2024-04-25,-5.102,723.500
2024-04-26,47.583,758.250
2024-04-27,7.464,695.250
2024-04-28,5.264,691.000
2024-04-29,-20.286,727.750
2024-04-30,-2.133,715.750
2024-05-01,-22.881,680.500
2024-05-02,-27.751,701.000
2024-05-03,-34.433,686.000
2024-05-04,-34.774,660.500
2024-05-05,-47.089,669.500
2024-05-06,7.656,699.000
2024-05-07,-11.802,696.750
2024-05-08,9.826,718.750
2024-05-09,-26.048,683.250
2024-05-10,-14.657,684.500
2024-05-11,-13.438,700.500
2024-05-12,12.800,686.250
2024-05-13,-16.043,687.250
2024-05-14,-18.542,680.750
2024-05-15,-26.915,680.000
2024-05-16,-22.292,685.000
2024-05-17,-27.726,676.500
2024-05-18,-11.625,677.750
2024-05-19,12.177,694.500
2024-05-20,-33.286,682.250
2024-05-21,-33.010,685.250
2024-05-22,-19.929,700.250
2024-05-23,-24.787,698.500
2024-05-24,-27.862,691.000
2024-05-25,-19.723,668.500
2024-05-26,-27.393,688.000
2024-05-27,-2.182,713.000
2024-05-28,-5.947,704.500
2024-05-29,-24.822,696.250
2024-05-30,-29.591,698.250
2024-05-31,-1.021,699.250
2024-06-01,-5.072,669.500
2024-06-02,20.995,690.250
2024-06-03,-31.139,691.750
2024-06-04,-32.913,682.250
2024-06-05,-7.506,702.500
2024-06-06,-26.970,672.750
2024-06-07,-26.101,698.000
2024-06-08,-27.441,687.000
2024-06-09,2.417,697.000
2024-06-10,-63.787,682.500
2024-06-11,-62.161,685.000
2024-06-12,-60.357,713.250
2024-06-13,-72.363,726.750
2024-06-14,-50.545,760.250
2024-06-15,-39.701,756.500
2024-06-16,-12.854,754.500
2024-06-17,18.800,768.750
2024-06-18,14.084,806.750
2024-06-19,-13.819,773.000
2024-06-20,-6.288,779.000
2024-06-21,-30.644,788.000
2024-06-22,-24.525,785.750
2024-06-23,-0.632,777.000
2024-06-24,-58.050,769.250
2024-06-25,42.739,814.000
2024-06-26,42.077,809.250
2024-06-27,4.482,799.000
2024-06-28,-29.897,776.500
2024-06-29,-42.431,770.500
2024-06-30,-42.236,763.000
2024-07-01,-65.507,785.500
2024-07-02,-72.704,853.750
2024-07-03,-64.062,880.250
2024-07-04,-62.016,899.500
2024-07-05,-45.899,944.750
2024-07-06,-14.552,929.750
2024-07-07,-73.849,873.000
2024-07-08,-53.277,959.000
2024-07-09,-22.787,964.250
2024-07-10,-7.494,909.500
2024-07-11,92.447,948.250
2024-07-12,77.218,927.750
2024-07-13,-18.283,823.500
2024-07-14,-62.409,780.250
2024-07-15,37.423,937.500
2024-07-16,-54.764,918.000
2024-07-17,-66.082,947.250
2024-07-18,-50.128,973.250
2024-07-19,-12.735,980.000
2024-07-20,-15.735,984.500
2024-07-21,-51.456,943.250
2024-07-22,-59.880,1011.250
2024-07-23,-118.012,976.500
2024-07-24,-78.678,1022.000
2024-07-25,-9.198,1072.750
2024-07-26,-30.099,980.000
2024-07-27,-49.612,971.000
2024-07-28,-56.692,971.750
2024-07-29,-64.267,1044.250
2024-07-30,-43.523,1071.250
2024-07-31,-38.851,1089.000
2024-08-01,-67.944,1080.000
2024-08-02,-72.441,1087.750
2024-08-03,-112.044,1016.250
2024-08-04,-123.911,992.750
2024-08-05,-52.899,1072.750
2024-08-06,-46.137,1091.000
2024-08-07,2.264,1136.750
2024-08-08,-46.619,1106.500
2024-08-09,-44.960,1091.750
2024-08-10,-8.215,1073.000
2024-08-11,15.820,1077.750
2024-08-12,8.913,1120.500
2024-08-13,11.710,1095.500
2024-08-14,41.338,1091.500
2024-08-15,13.189,996.000
2024-08-16,2.900,1050.750
2024-08-17,-35.628,971.250
2024-08-18,-13.976,968.500
2024-08-19,-62.944,1044.000
2024-08-20,-68.017,1020.000
2024-08-21,-37.231,1064.250
2024-08-22,-15.296,1072.000
2024-08-23,8.835,1084.250
2024-08-24,-41.332,985.500
2024-08-25,-63.988,949.000
2024-08-26,-17.157,1060.500
2024-08-27,-73.526,1016.000
2024-08-28,-8.641,1003.500
2024-08-29,-0.854,1047.000
2024-08-30,-21.969,1012.750
2024-08-31,25.040,983.250
2024-09-01,8.184,944.000
2024-09-02,-3.429,985.250
2024-09-03,-3.706,969.250
2024-09-04,-26.995,965.500
2024-09-05,-71.433,957.500
2024-09-06,-56.018,961.750
2024-09-07,-39.692,926.750
2024-09-08,-18.211,925.750
2024-09-09,-65.411,973.750
2024-09-10,-57.917,990.250
2024-09-11,-62.773,958.000
2024-09-12,-48.744,1019.500
2024-09-13,-36.017,1007.500
2024-09-14,-161.680,847.000
2024-09-15,-176.146,820.750
2024-09-16,-173.591,804.500
2024-09-17,-137.667,743.250
2024-09-18,-187.286,794.250
2024-09-19,-113.763,892.000
2024-09-20,21.491,1017.000
2024-09-21,-7.831,934.000
2024-09-22,95.906,912.500
2024-09-23,105.229,916.500
2024-09-24,95.256,914.250
2024-09-25,-67.265,795.000
2024-09-26,-83.121,799.250
2024-09-27,-22.744,815.250
2024-09-28,-27.971,796.000
2024-09-29,11.783,790.000
2024-09-30,-65.614,787.000
2024-10-01,-42.008,759.500
2024-10-02,-21.442,716.750
2024-10-03,-23.591,692.500
2024-10-04,-44.002,703.000
2024-10-05,-27.395,702.000
2024-10-06,-39.593,677.500
2024-10-07,-27.261,708.500
2024-10-08,-36.842,699.250
2024-10-09,-18.254,703.000
2024-10-10,-22.526,718.000
2024-10-11,-20.590,717.750
2024-10-12,-4.931,715.000
2024-10-13,-14.862,694.000
2024-10-14,-68.808,708.250
2024-10-15,-67.926,710.250
2024-10-16,-21.227,749.750
2024-10-17,-37.396,747.750
2024-10-18,-93.576,753.750
2024-10-19,-34.804,691.750
2024-10-20,-35.700,654.000
2024-10-21,-66.447,693.500
2024-10-22,-39.162,738.250
2024-10-23,-20.966,707.750
2024-10-24,11.297,740.750
2024-10-25,-32.648,708.500
2024-10-26,-64.296,660.250
2024-10-27,-40.543,664.750
2024-10-28,-28.344,696.000
2024-10-29,-17.136,709.000
2024-10-30,-25.402,700.000
2024-10-31,-23.926,703.000
2024-11-01,-33.936,701.250
2024-11-02,-2.018,706.250
2024-11-03,-6.821,683.750
2024-11-04,-23.526,696.000
2024-11-05,-17.895,696.250
2024-11-06,-17.203,703.250
2024-11-07,-29.173,701.000
2024-11-08,-28.245,692.000
2024-11-09,-30.132,669.500
2024-11-10,-36.338,662.500
2024-11-11,-26.492,699.500
2024-11-12,-37.662,684.000
2024-11-13,-16.243,704.000
2024-11-14,-25.492,703.750
2024-11-15,-26.369,707.000
2024-11-16,-33.966,677.000
2024-11-17,39.048,730.500
2024-11-18,-3.130,741.750
2024-11-19,-5.524,733.750
2024-11-20,-19.350,737.500
2024-11-21,-24.942,722.500
2024-11-22,-18.841,732.250
2024-11-23,-37.399,694.250
2024-11-24,-11.492,707.750
2024-11-25,-36.520,722.750
2024-11-26,-44.989,741.000
2024-11-27,-72.043,753.500
2024-11-28,-45.774,778.000
2024-11-29,-9.570,808.750
2024-11-30,5.272,763.500
2024-12-01,22.331,768.250
2024-12-02,23.339,796.000
2024-12-03,-40.353,772.250
2024-12-04,-39.597,783.750
2024-12-05,-28.462,794.000
2024-12-06,-7.871,802.500
2024-12-07,-8.067,778.250
2024-12-08,-17.603,787.500
2024-12-09,-14.712,827.750
2024-12-10,-12.745,825.500
2024-12-11,9.199,848.250
2024-12-12,30.298,875.500
2024-12-13,-3.492,847.750
2024-12-14,11.359,840.250
2024-12-15,-8.269,811.250
2024-12-16,3.897,866.000
2024-12-17,-5.864,849.000
2024-12-18,-39.689,864.000
2024-12-19,-30.327,874.750
2024-12-20,-11.234,863.250
2024-12-21,-11.115,859.000
2024-12-22,-18.263,844.750
2024-12-23,2.173,895.000
2024-12-24,19.072,887.500
2024-12-25,44.187,859.250
2024-12-26,-6.473,888.750
2024-12-27,-8.388,894.500
2024-12-28,10.995,892.250
2024-12-29,5.177,851.500
2024-12-30,38.313,891.250
2024-12-31,28.369,903.250
2025-01-01,-8.216,805.250
2025-01-02,5.709,884.250
2025-01-03,-15.476,901.250
2025-01-04,-16.760,852.000
2025-01-05,-10.612,823.500
2025-01-06,-44.611,884.000
2025-01-07,-46.942,895.250
2025-01-08,-19.929,912.250
2025-01-09,-88.955,942.750
2025-01-10,-30.583,959.000
2025-01-11,-20.341,929.250
2025-01-12,-17.777,904.750
2025-01-13,-39.824,917.500
2025-01-14,33.484,922.500
2025-01-15,-32.298,960.500
2025-01-16,-41.733,921.750
2025-01-17,-1.592,940.500
2025-01-18,-2.128,872.750
2025-01-19,-13.134,836.250
2025-01-20,-28.348,893.000
2025-01-21,-40.359,863.750
2025-01-22,4.271,883.250
2025-01-23,8.653,877.750
2025-01-24,24.735,866.750
2025-01-25,-12.586,827.750
2025-01-26,-48.712,791.000
2025-01-27,-136.437,779.750
2025-01-28,-86.179,822.250
2025-01-29,-22.327,810.000
2025-01-30,-52.720,803.750
2025-01-31,-22.768,837.000
2025-02-01,-27.981,824.000
2025-02-02,5.147,834.500
2025-02-03,-52.577,928.250
2025-02-04,30.868,1027.750
2025-02-05,25.727,1020.250
2025-02-06,-3.791,972.500
2025-02-07,-58.330,994.250
2025-02-08,-27.849,947.500
2025-02-09,-11.150,930.500
2025-02-10,4.275,968.000
2025-02-11,0.735,877.000
2025-02-12,42.087,929.000
2025-02-13,-35.005,887.250
2025-02-14,16.885,876.750
2025-02-15,-28.943,828.000
2025-02-16,42.439,836.750
2025-02-17,18.528,933.750
2025-02-18,-24.532,920.000
2025-02-19,-33.085,920.750
2025-02-20,-3.557,946.500
2025-02-21,-17.768,938.250
2025-02-22,-37.293,884.000
2025-02-23,-60.343,896.750
2025-02-24,-21.343,939.250
2025-02-25,-13.449,902.500
2025-02-26,-17.790,854.750
2025-02-27,-8.595,880.500
2025-02-28,40.136,848.500
2025-03-01,57.288,807.000
2025-03-02,65.590,787.500
2025-03-03,-19.196,835.500
2025-03-04,-36.888,843.500
2025-03-05,-56.824,838.500
2025-03-06,-25.283,846.750
2025-03-07,22.437,860.500
2025-03-08,-53.567,770.750
2025-03-09,-66.697,722.500
2025-03-10,-64.636,775.250
2025-03-11,38.476,822.500
2025-03-12,34.119,820.250
2025-03-13,-1.961,777.500
2025-03-14,17.540,769.250
2025-03-15,-42.525,789.000
2025-03-16,5.847,869.000
2025-03-17,-92.727,790.250
2025-03-18,-96.461,843.000
2025-03-19,-63.737,821.750
2025-03-20,-2.964,813.750
2025-03-21,49.566,814.500
2025-03-22,-12.375,711.250
2025-03-23,5.888,714.250
2025-03-24,2.634,735.750
2025-03-25,2.096,737.250
2025-03-26,14.549,735.750
2025-03-27,0.920,780.750
2025-03-28,-99.813,728.250
2025-03-29,-93.827,741.500
2025-03-30,-79.924,723.500
2025-03-31,-53.995,762.000
2025-04-01,-54.803,742.500
2025-04-02,12.283,792.250
2025-04-03,-14.310,790.500
2025-04-04,-34.261,761.500
2025-04-05,-23.161,720.250
2025-04-06,-28.230,710.000
2025-04-07,-25.961,723.750
2025-04-08,-0.292,739.250
2025-04-09,-16.947,729.250
2025-04-10,-5.726,736.750
2025-04-11,-14.473,720.000
2025-04-12,-22.918,743.500
2025-04-13,-19.892,737.750
2025-04-14,-81.228,717.750
2025-04-15,-57.883,704.250
2025-04-16,32.014,747.000
2025-04-17,-33.943,714.250
2025-04-18,-0.904,719.750
2025-04-19,-18.009,700.500
2025-04-20,11.003,709.500
2025-04-21,-2.068,729.750
2025-04-22,18.230,742.000
2025-04-23,6.404,733.750
2025-04-24,-1.737,712.250
2025-04-25,-10.979,718.250
2025-04-26,-13.630,684.750
2025-04-27,-44.267,670.500
2025-04-28,-23.241,696.000
2025-04-29,-25.043,702.000
2025-04-30,10.851,713.250
2025-05-01,-35.780,720.250
2025-05-02,-1.528,717.500
2025-05-03,6.272,698.000
2025-05-04,-11.574,673.250
2025-05-05,-51.399,684.000
2025-05-06,-48.390,648.000
2025-05-07,-20.640,696.000
2025-05-08,5.281,704.000
2025-05-09,-29.779,705.500
2025-05-10,-15.809,679.000
2025-05-11,3.106,678.750
2025-05-12,-19.508,684.000
2025-05-13,-18.582,688.500
2025-05-14,-30.103,683.500
2025-05-15,-34.845,699.000
2025-05-16,-47.130,709.250
2025-05-17,-9.617,674.500
2025-05-18,30.917,701.750
2025-05-19,-9.465,689.500
2025-05-20,-41.090,703.500
2025-05-21,-40.836,708.500
2025-05-22,-22.674,722.750
2025-05-23,-10.063,718.500
2025-05-24,12.698,690.000
2025-05-25,7.707,669.000
2025-05-26,28.665,723.250
2025-05-27,-7.031,695.500
2025-05-28,-18.472,697.000
2025-05-29,-29.690,684.250
2025-05-30,-17.786,690.250
2025-05-31,-44.945,644.250
2025-06-01,4.257,680.500
2025-06-02,-6.240,714.000
2025-06-03,32.760,708.250
2025-06-04,18.848,736.000
2025-06-05,-19.873,701.000
2025-06-06,-4.619,704.000
2025-06-07,-47.638,672.250
2025-06-08,-43.169,670.250
2025-06-09,-38.196,702.500
2025-06-10,-22.710,721.000
2025-06-11,-14.586,724.500
2025-06-12,-0.089,735.250
2025-06-13,-56.107,744.250
2025-06-14,-28.957,720.750
2025-06-15,-40.596,734.500
2025-06-16,-4.651,772.500
2025-06-17,-31.035,788.000
2025-06-18,-26.737,774.750
2025-06-19,-66.262,805.000
2025-06-20,-55.587,811.500
2025-06-21,-58.750,788.750
2025-06-22,30.794,781.500
2025-06-23,36.232,842.750
2025-06-24,53.103,870.500
2025-06-25,-14.916,797.250
2025-06-26,-18.254,799.500
2025-06-27,-95.676,807.750
2025-06-28,-68.325,821.250
2025-06-29,-96.150,808.750
2025-06-30,-75.717,908.750
2025-07-01,-108.425,912.250
2025-07-02,-59.483,965.000
2025-07-03,9.385,1023.000
2025-07-04,7.660,1016.750
2025-07-05,-30.099,963.750
2025-07-06,-60.000,945.750
2025-07-07,-63.908,999.750
2025-07-08,-28.074,1013.750
2025-07-09,42.734,1037.000
2025-07-10,52.804,1019.250
2025-07-11,76.817,970.750
2025-07-12,100.411,936.750
2025-07-13,118.495,926.750
2025-07-14,53.433,932.750
2025-07-15,-2.558,897.500
2025-07-16,-30.409,886.250
2025-07-17,-118.937,877.000
2025-07-18,-53.640,893.750
2025-07-19,-29.432,916.500
2025-07-20,-36.150,919.000
2025-07-21,-18.498,1014.250
2025-07-22,2.269,1039.250
2025-07-23,-10.886,1029.500
2025-07-24,15.453,1079.000
2025-07-25,7.811,1078.250
2025-07-26,-43.501,984.750
2025-07-27,-19.156,983.500
2025-07-28,-3.201,1069.250
2025-07-29,-9.333,1070.750
2025-07-30,46.927,1048.250
2025-07-31,-5.810,1062.250
2025-08-01,-69.972,1045.000
2025-08-02,-37.480,1007.750
2025-08-03,6.200,1002.750
2025-08-04,-18.947,1072.000
2025-08-05,-47.474,1059.000
2025-08-06,5.961,1096.000
2025-08-07,-25.698,1059.250
2025-08-08,56.517,1066.250
2025-08-09,39.922,1032.000
2025-08-10,95.799,1017.500
2025-08-11,126.460,1071.500
2025-08-12,-12.651,997.250
2025-08-13,-20.548,1034.000
2025-08-14,-100.784,961.750
2025-08-15,-34.128,981.250
2025-08-16,-69.389,951.500
2025-08-17,-65.080,950.750
2025-08-18,-71.752,1000.250
2025-08-19,-9.618,1071.500
2025-08-20,-69.639,1012.000
2025-08-21,-18.909,1065.000
2025-08-22,-44.455,1057.500
2025-08-23,-53.766,1016.750
2025-08-24,-37.089,1011.500
2025-08-25,-56.843,1056.750
2025-08-26,-68.135,1061.750
2025-08-27,-11.307,1090.250
2025-08-28,-1.415,1096.500
2025-08-29,-3.227,1095.750
2025-08-30,14.165,1034.000
2025-08-31,48.841,1033.500
2025-09-01,-1.409,1066.000
2025-09-02,46.180,1054.000
2025-09-03,4.302,1038.750
2025-09-04,-25.948,1037.750
2025-09-05,-31.352,1013.500
2025-09-06,-5.242,1020.250
2025-09-07,-28.134,977.000
2025-09-08,-13.374,1022.750
2025-09-09,59.113,1010.000
2025-09-10,52.525,989.750
2025-09-11,7.387,960.500
2025-09-12,-40.148,953.500
2025-09-13,-66.069,892.500
2025-09-14,-58.412,875.000
2025-09-15,-93.235,919.250
2025-09-16,-91.000,960.500
2025-09-17,-82.386,970.250
2025-09-18,25.078,952.250
2025-09-19,51.812,984.250
2025-09-20,54.172,882.500
2025-09-21,92.953,883.000
2025-09-22,63.562,914.750
2025-09-23,44.965,914.500
2025-09-24,-92.689,882.250
2025-09-25,-72.337,865.500
2025-09-26,-33.221,885.000
2025-09-27,16.548,855.250
2025-09-28,-59.206,813.250
2025-09-29,48.276,876.000
2025-09-30,67.064,868.750
2025-10-01,62.373,864.750
2025-10-02,73.662,881.500
2025-10-03,-149.620,698.000
2025-10-04,-117.251,699.000
2025-10-05,-117.536,680.750
2025-10-06,-84.925,697.000
2025-10-07,-67.448,709.250
2025-10-08,-88.846,700.000
2025-10-09,-93.120,685.000
2025-10-10,-53.751,772.750
2025-10-11,-77.322,752.000
2025-10-12,-86.890,739.500
2025-10-13,-107.774,785.000
2025-10-14,-54.883,778.000
2025-10-15,-46.908,814.000
2025-10-16,-12.906,808.000
2025-10-17,6.497,822.250
2025-10-18,10.439,751.250
2025-10-19,35.340,760.750
2025-10-20,57.634,779.750
2025-10-21,29.775,763.750
2025-10-22,-15.681,727.250
2025-10-23,-14.978,718.500
2025-10-24,-15.511,721.500
2025-10-25,1.142,707.000
2025-10-26,10.668,702.000
2025-10-27,-6.920,718.750
2025-10-28,-41.461,689.250
2025-10-29,-11.058,721.750
2025-10-30,0.015,734.750
2025-10-31,5.124,720.500
2025-11-01,-11.012,688.250
2025-11-02,-21.194,673.750
2025-11-03,-23.293,716.000
2025-11-04,-36.016,706.000
2025-11-05,-49.581,685.500
2025-11-06,-27.798,709.250
2025-11-07,-16.211,710.000
2025-11-08,-34.811,681.500
2025-11-09,0.249,699.000
2025-11-10,36.624,765.500
2025-11-11,-22.270,709.250
2025-11-12,-28.045,714.750
2025-11-13,-21.593,711.250
2025-11-14,-23.775,706.000
2025-11-15,-13.103,702.750
2025-11-16,-29.796,678.250
2025-11-17,5.969,773.250
2025-11-18,-33.378,747.750
2025-11-19,-20.896,766.000
2025-11-20,-46.807,734.750
2025-11-21,-22.555,748.500
2025-11-22,-13.968,726.000
2025-11-23,-40.028,692.250
2025-11-24,-19.407,740.000
2025-11-25,-6.830,772.250
2025-11-26,29.510,789.000
2025-11-27,-39.773,767.500
2025-11-28,-30.390,763.250
2025-11-29,-30.469,709.500
2025-11-30,-40.930,680.750
2025-12-01,5.082,777.250
2025-12-02,1.442,802.000
2025-12-03,-24.527,831.500
2025-12-04,-45.590,793.000
2025-12-05,2.542,817.000
2025-12-06,-15.302,732.500
2025-12-07,-5.075,720.750
2025-12-08,-9.160,816.000
2025-12-09,-32.492,794.000
2025-12-10,-29.634,761.000
2025-12-11,20.365,825.250
2025-12-12,-4.592,788.000
2025-12-13,-20.351,755.000
2025-12-14,-91.098,717.500
2025-12-15,-19.910,830.500
2025-12-16,-51.420,760.500
2025-12-17,-29.130,815.250
2025-12-18,-18.380,821.000
2025-12-19,33.093,811.500
2025-12-20,-11.911,728.000
2025-12-21,-8.617,817.000
2025-12-22,-20.921,815.500
2025-12-23,-22.716,763.750
2025-12-24,-23.062,802.500
2025-12-25,-57.252,806.750
2025-12-26,-84.554,872.250
2025-12-27,-41.849,843.250
2025-12-28,-4.665,809.750
2025-12-29,-23.046,816.500
2025-12-30,-23.248,850.250
2025-12-31,-51.510,881.000
2026-01-01,-81.042,837.250
2026-01-02,-53.549,925.250
2026-01-03,-43.351,857.750
2026-01-04,-24.215,824.000
2026-01-05,-49.215,892.500
2026-01-06,-23.200,886.000
2026-01-07,-17.163,907.500
2026-01-08,-22.192,950.250
2026-01-09,4.159,901.500
2026-01-10,13.546,901.750
2026-01-11,-32.547,927.000
2026-01-12,-30.256,884.500
2026-01-13,-6.780,919.500
2026-01-14,-20.685,856.500
2026-01-15,29.943,871.500
2026-01-16,22.475,859.750
2026-01-17,-6.297,825.500
2026-01-18,43.126,832.500
2026-01-19,-29.975,917.750
2026-01-20,0.893,991.750
2026-01-21,-23.852,998.750
2026-01-22,-9.267,991.500
2026-01-23,-26.019,942.500
2026-01-24,-52.336,880.500
2026-01-25,-37.888,890.750
2026-01-26,-4.755,962.750
2026-01-27,-5.393,985.500
2026-01-28,18.074,983.750
2026-01-29,25.688,968.000
2026-01-30,-1.614,984.500
2026-01-31,-2.005,920.750
2026-02-01,-5.753,906.500
2026-02-02,-37.943,939.500
2026-02-03,21.495,944.500
2026-02-04,-7.013,896.500
2026-02-05,49.662,878.250
2026-02-06,34.219,961.250
2026-02-07,-63.572,925.000
2026-02-08,-66.592,916.000
2026-02-09,-38.162,902.500
2026-02-10,-51.769,853.250
2026-02-11,-4.997,892.250
2026-02-12,21.077,888.750
2026-02-13,76.728,920.750
2026-02-14,111.442,888.750
2026-02-15,105.724,875.000
2026-02-16,-3.374,804.000
2026-02-17,38.006,789.750
2026-02-18,59.244,865.500
2026-02-19,4.712,851.000
2026-02-20,28.472,826.750
2026-02-21,16.941,770.750
2026-02-22,57.862,803.000
2026-02-23,56.160,869.500
2026-02-24,-37.509,833.000
2026-02-25,-24.835,798.500
2026-02-26,22.186,840.250
2026-02-27,-11.361,821.500
2026-02-28,23.082,789.000
2026-03-01,13.400,808.250
2026-03-02,-12.873,802.250
2026-03-03,-32.063,796.500
2026-03-04,21.946,815.500
2026-03-05,20.641,784.500
2026-03-06,-20.525,831.500
2026-03-07,-90.118,758.750
2026-03-08,-56.189,759.500
2026-03-09,-135.321,761.250
2026-03-10,-0.331,839.250
2026-03-11,16.188,843.250
2026-03-12,-11.196,824.500
2026-03-13,-21.544,813.750
2026-03-14,31.156,813.250
2026-03-15,20.316,809.750
2026-03-16,20.153,846.500
2026-03-17,10.489,794.250
2026-03-18,-8.841,839.500
2026-03-19,-20.447,805.000
2026-03-20,10.406,808.500
2026-03-21,37.871,801.750
2026-03-22,74.724,818.500
2026-03-23,37.883,818.250
2026-03-24,12.544,788.750
2026-03-25,3.566,786.500
2026-03-26,-1.434,766.000
2026-03-27,9.388,755.250
2026-03-28,50.258,770.750
2026-03-29,70.844,776.250
2026-03-30,8.162,788.000
2026-03-31,31.274,784.750
2026-04-01,21.535,782.250
2026-04-02,-10.994,741.500
2026-04-03,-19.820,742.000
2026-04-04,-1.150,742.250
2026-04-05,-1.715,705.500
2026-04-06,-33.973,715.000
2026-04-07,-28.973,749.750
2026-04-08,7.121,762.500
2026-04-09,-25.412,751.750
2026-04-10,0.851,738.500
2026-04-11,28.496,738.000
2026-04-12,-19.857,720.000
2026-04-13,62.386,795.000
2026-04-14,-58.767,729.000
2026-04-15,10.619,742.250
2026-04-16,-3.873,734.500
2026-04-17,-19.058,733.750
2026-04-18,-22.880,715.750
2026-04-19,2.039,719.500
2026-04-20,9.985,749.000
2026-04-21,20.350,760.250
2026-04-22,-63.267,748.000
2026-04-23,-20.580,731.250
2026-04-24,4.657,733.750
2026-04-25,16.401,713.000
2026-04-26,2.171,703.000
2026-04-27,36.866,762.500
2026-04-28,12.941,758.500
2026-04-29,-5.326,747.750
2026-04-30,-4.391,733.750
2026-05-01,31.038,723.250
2026-05-02,8.190,698.750
2026-05-03,-6.631,698.500
2026-05-04,-5.460,698.250
2026-05-05,25.183,705.500
2026-05-06,33.136,738.000
2026-05-07,-10.910,703.500
2026-05-08,-25.033,685.250
2026-05-09,0.214,690.250
2026-05-10,21.521,694.250
2026-05-11,-15.432,696.750
2026-05-12,-23.117,690.500
2026-05-13,-4.574,711.750
2026-05-14,-22.691,698.500
2026-05-15,-19.164,704.000
2026-05-16,9.243,707.500
2026-05-17,10.751,712.250
2026-05-18,-28.171,711.250
2026-05-19,-42.119,717.250
2026-05-20,-42.236,735.000
2026-05-21,-5.147,726.000
2026-05-22,23.217,745.500
2026-05-23,5.209,705.500
2026-05-24,-1.912,699.500
2026-05-25,-11.454,730.500
2026-05-26,-60.801,745.500
2026-05-27,-56.921,722.750
2026-05-28,-7.264,754.500
2026-05-29,10.223,752.750
2026-05-30,19.633,749.750
2026-05-31,21.339,754.500
2026-06-01,-35.109,750.000
2026-06-02,-14.529,741.250
2026-06-03,-13.573,741.750
2026-06-04,-25.327,741.250
2026-06-05,-8.305,732.250
2026-06-06,-13.760,714.250
2026-06-07,13.208,743.750
2026-06-08,14.598,744.500
2026-06-09,-9.304,733.500
2026-06-10,-62.421,678.000
2026-06-11,-26.932,714.250
2026-06-12,-46.572,718.750
2026-06-13,-48.750,710.000
2026-06-14,-32.536,714.000
2026-06-15,-74.027,711.250
2026-06-16,-63.949,738.000
2026-06-17,-51.451,764.750
2026-06-18,-46.217,780.000
2026-06-19,-24.163,799.500
2026-06-20,3.133,778.500
2026-06-21,16.880,780.000
2026-06-22,8.061,789.250
2026-06-23,38.177,804.500
2026-06-24,-4.038,770.250
2026-06-25,-28.924,758.750
2026-06-26,-19.815,743.250
2026-06-27,6.744,753.250
2026-06-28,4.782,758.500
2026-06-29,-49.339,758.000
2026-06-30,-46.540,756.250
